#Google Dengue Trends weekly dengue activity for the world,,,,,,,,,,
#Copyright 2015 Google Inc.,,,,,,,,,,
#,,,,,,,,,,
#Exported data may be used for any purpose, subject to the Google Terms of Service (http://www.google.com/accounts/TOS?hl=en_US).,,,,,,,,,
#If you choose to use the data," please attribute it to Google as follows: ""Data Source: Google Dengue Trends (http://www.google.org/denguetrends)"".",,,,,,,,,
#,,,,,,,,,,
#Each week begins on the Sunday (Pacific Time) indicated for the row.,,,,,,,,,,
#Data for the current week will be updated each day until Saturday (Pacific Time).,,,,,,,,,,
#Note: To open these files in a spreadsheet application, we recommend you save each text file as a CSV spreadsheet.,,,,,,,,,
#For more information, please visit http://www.google.org/denguetrends,,,,,,,,,
#,,,,,,,,,,
Date,Argentina,Bolivia,Brazil,India,Indonesia,Mexico,Philippines,Singapore,Thailand,Venezuela
12/29/2002,,0.101,0.073,0.062,0.101,,999,0.059,,missing
1/5/2003,,0.143,0.098,0.047,0.039,,999,0.059,,missing
1/12/2003,,0.176,0.119,0.051,0.059,0.071,999,0.238,,mising
1/19/2003,,0.173,0.17,0.032,0.039,0.052,999,0.175,,999
1/26/2003,,0.146,0.138,0.04,0.112,0.048,99,0.164,,999
2/2/2003,,0.16,0.202,0.038,0.049,0.041,999,0.163,,999
2/9/2003,,0.225,0.179,0.019,0.06,0.042,999,0.15,,999
2/16/2003,0.046,0.109,0.239,0.008,0.039,0.049,999,0.144,,0.139
2/23/2003,0.048,0.147,0.205,0.022,0.078,0.054,999,0.142,,0.137
3/2/2003,0.051,0.119,0.142,0.028,0.048,0.075,999,0.129,,0.168
3/9/2003,0.051,0.195,0.28,0.003,0.089,0.096,990,0.13,,0.169
3/16/2003,0.046,0.289,0.162,0.006,0.08,0.064,998,0.12,,0.157
3/23/2003,0.043,0.227,0.17,0.015,0.054,0.073,99,0.115,,0.154
3/30/2003,0.039,0.194,0.176,0.033,0.071,0.076,0.059,0.104,,0.138
4/6/2003,0.036,0.121,0.134,0.008,0.054,0.068,0.059,0.107,,0.136
4/13/2003,0.031,0.101,0.15,0.012,0.088,0.055,0.058,0.101,,0.129
4/20/2003,0.029,0.147,0.104,0.03,0.054,0.056,0.058,0.102,,0.168
4/27/2003,0.034,0.097,0.104,0.004,0.081,0.072,0.061,0.128,,0.263
5/4/2003,0.031,0.069,0.089,0.007,0.068,0.071,0.059,0.132,,0.222
5/11/2003,0.039,0.064,0.067,0,0.048,0.06,0.059,0.14,,0.2
5/18/2003,0.039,0.053,0.109,0.019,0.061,0.069,0.057,0.151,,0.202
5/25/2003,0.039,0.064,0.071,0.015,0.062,0.074,0.055,0.175,,0.177
6/1/2003,0.034,0.058,0.08,0.031,0.082,0.079,0.062,0.161,,0.192
6/8/2003,0.039,0.042,0.062,0.05,0.069,0.088,0.059,0.15,,0.186
6/15/2003,0.039,0.047,0.036,0.094,0.055,0.074,0.059,0.163,,0.178
6/22/2003,0.039,0.039,0.073,0.165,0.055,0.056,0.058,0.143,,0.16
6/29/2003,0.031,0.038,0.056,0.17,0.047,0.071,0.058,0.132,,0.172
7/6/2003,0.034,0.029,0.018,0.195,0.1,0.086,0.056,0.12,,0.159
7/13/2003,0.036,0.023,0.015,0.174,0.073,0.072,0.057,0.129,,0.161
7/20/2003,0.029,0.021,0.052,0.187,0.047,0.065,0.064,0.128,,0.163
7/27/2003,0.027,0.018,0.013,0.18,0.049,0.068,0.064,0.123,,0.153
8/3/2003,0.024,0.016,0.044,0.116,0.039,0.095,0.081,0.112,,0.151
8/10/2003,0.022,0.019,0.036,0.101,0.039,0.092,0.091,0.131,,0.15
8/17/2003,0.022,0.022,0.032,0.1,0.039,0.089,0.134,0.127,,0.146
8/24/2003,0.019,0.018,0.034,0.103,0.064,0.063,0.163,0.116,,0.152
8/31/2003,0.019,0.018,0.011,0.135,0.055,0.084,0.152,0.111,,0.159
9/7/2003,0.019,0.019,0.018,0.143,0.047,0.137,0.149,0.109,,0.166
9/14/2003,0.019,0.031,0.034,0.196,0.047,0.165,0.147,0.113,,0.175
9/21/2003,0.019,0.041,0.015,0.242,0.063,0.124,0.137,0.123,,0.162
9/28/2003,0.019,0.049,0.016,0.292,0.054,0.188,0.123,0.12,,0.166
10/5/2003,0.019,0.035,0.02,0.565,0.069,0.182,0.141,0.108,,0.16
10/12/2003,0.019,0.044,0.041,0.928,0.075,0.16,0.123,0.108,,0.192
10/19/2003,0.022,0.054,0.026,0.99,0.068,0.157,0.109,0.119,,0.231
10/26/2003,0.024,0.035,0.034,0.91,0.076,0.122,0.103,0.174,,0.298
11/2/2003,0.029,0.032,0.038,0.679,0.075,0.159,0.096,0.195,,0.302
11/9/2003,0.027,0.044,0.038,0.509,0.06,0.132,0.09,0.157,,0.262
11/16/2003,0.027,0.031,0.046,0.327,0.047,0.088,0.091,0.126,,0.238
11/23/2003,0.027,0.03,0.068,0.245,0.055,0.127,0.088,0.116,,0.231
11/30/2003,0.027,0.024,0.063,0.178,0.068,0.079,0.089,0.129,,0.252
12/7/2003,0.024,0.016,0.06,0.133,0.058,0.083,0.091,0.112,,0.286
12/14/2003,0.022,0.012,0.055,0.094,0.045,0.066,0.095,0.109,,0.36
12/21/2003,0.019,0.011,0.053,0.1,0.055,0.055,0.098,0.104,,0.324
12/28/2003,0.019,0.01,0.049,0.087,0.039,0.042,0.109,0.117,,0.321
1/4/2004,0.019,0.01,0.085,0.07,0.065,0.041,0.105,0.115,,0.285
1/11/2004,0.017,0.018,0.095,0.072,0.09,0.036,0.096,0.109,,0.256
1/18/2004,0.017,0.07,0.072,0.062,0.039,0.034,0.097,0.106,,0.251
1/25/2004,0.019,0.091,0.057,0.059,0.065,0.033,0.093,0.108,,0.284
2/1/2004,0.031,0.068,0.069,0.043,0.058,0.037,0.088,0.109,,0.283
2/8/2004,0.039,0.046,0.067,0.033,0.122,0.032,0.08,0.145,,0.227
2/15/2004,0.046,0.034,0.077,0.058,0.295,0.031,0.074,0.194,,0.199
2/22/2004,0.041,0.034,0.088,0.039,0.69,0.033,0.071,0.178,,0.195
2/29/2004,0.039,0.03,0.085,0.031,1,0.04,0.073,0.172,,0.207
3/7/2004,0.039,0.028,0.096,0.023,0.8,0.036,0.07,0.161,,0.188
3/14/2004,0.053,0.023,0.071,0.039,0.521,0.04,0.065,0.164,,0.183
3/21/2004,0.065,0.037,0.085,0.023,0.424,0.047,0.06,0.135,,0.184
3/28/2004,0.063,0.056,0.096,0.026,0.205,0.052,0.06,0.17,,0.168
4/4/2004,0.046,0.042,0.071,0.037,0.262,0.051,0.057,0.149,,0.176
4/11/2004,0.041,0.035,0.054,0.027,0.212,0.051,0.058,0.127,,0.162
4/18/2004,0.036,0.04,0.067,0.031,0.186,0.049,0.057,0.118,,0.162
4/25/2004,0.041,0.045,0.027,0.019,0.151,0.044,0.056,0.127,,0.187
5/2/2004,0.041,0.051,0.039,0.016,0.142,0.038,0.054,0.15,,0.206
5/9/2004,0.041,0.049,0.043,0.021,0.127,0.051,0.053,0.138,,0.259
5/16/2004,0.036,0.032,0.031,0.037,0.139,0.06,0.056,0.12,,0.236
5/23/2004,0.036,0.026,0.04,0.029,0.098,0.114,0.055,0.161,,0.202
5/30/2004,0.039,0.032,0.03,0.037,0.082,0.071,0.056,0.164,,0.195
6/6/2004,0.036,0.039,0.032,0.04,0.084,0.06,0.054,0.137,,0.186
6/13/2004,0.029,0.028,0.024,0.04,0.076,0.073,0.058,0.132,,0.166
6/20/2004,0.027,0.024,0.022,0.057,0.104,0.05,0.063,0.128,,0.172
6/27/2004,0.024,0.015,0.032,0.048,0.091,0.059,0.089,0.145,,0.18
7/4/2004,0.022,0.015,0.017,0.054,0.068,0.067,0.092,0.134,,0.163
7/11/2004,0.022,0.015,0.028,0.056,0.111,0.057,0.095,0.154,,0.158
7/18/2004,0.019,0.021,0.01,0.057,0.066,0.069,0.114,0.16,,0.151
7/25/2004,0.017,0.026,0.017,0.093,0.087,0.104,0.112,0.194,,0.158
8/1/2004,0.017,0.025,0.026,0.099,0.077,0.128,0.107,0.188,,0.169
8/8/2004,0.017,0.029,0.013,0.099,0.075,0.178,0.099,0.205,,0.165
8/15/2004,0.024,0.02,0.018,0.075,0.078,0.129,0.096,0.193,,0.154
8/22/2004,0.022,0.017,0.02,0.08,0.106,0.131,0.09,0.178,,0.149
8/29/2004,0.022,0.018,0.019,0.085,0.083,0.11,0.098,0.164,,0.148
9/5/2004,0.019,0.016,0.031,0.082,0.077,0.106,0.131,0.193,,0.157
9/12/2004,0.022,0.014,0.019,0.103,0.072,0.124,0.153,0.165,,0.151
9/19/2004,0.019,0.011,0.022,0.127,0.062,0.138,0.153,0.208,,0.159
9/26/2004,0.027,0.011,0.026,0.12,0.079,0.135,0.139,0.178,,0.173
10/3/2004,0.022,0.012,0.021,0.114,0.082,0.115,0.118,0.174,,0.198
10/10/2004,0.029,0.015,0.015,0.137,0.071,0.124,0.114,0.188,,0.202
10/17/2004,0.027,0.018,0.045,0.171,0.115,0.148,0.101,0.186,,0.24
10/24/2004,0.027,0.021,0.041,0.173,0.078,0.138,0.097,0.165,,0.23
10/31/2004,0.029,0.02,0.047,0.164,0.066,0.073,0.09,0.177,,0.221
11/7/2004,0.029,0.017,0.046,0.182,0.067,0.075,0.096,0.187,,0.227
11/14/2004,0.027,0.016,0.059,0.155,0.084,0.078,0.09,0.195,,0.183
11/21/2004,0.027,0.017,0.078,0.125,0.09,0.072,0.095,0.182,,0.171
11/28/2004,0.022,0.022,0.057,0.093,0.16,0.061,0.09,0.193,,0.201
12/5/2004,0.019,0.019,0.032,0.093,0.097,0.07,0.098,0.185,,0.18
12/12/2004,0.017,0.016,0.033,0.071,0.112,0.049,0.105,0.185,,0.169
12/19/2004,0.014,0.016,0.04,0.062,0.093,0.048,0.099,0.187,,0.159
12/26/2004,0.014,0.015,0.045,0.055,0.072,0.042,0.1,0.186,,0.16
1/2/2005,0.012,0.015,0.063,0.039,0.113,0.048,0.103,0.167,,0.162
1/9/2005,0.012,0.015,0.057,0.034,0.079,0.038,0.101,0.194,,0.174
1/16/2005,0.012,0.02,0.07,0.032,0.104,0.04,0.103,0.18,,0.176
1/23/2005,0.01,0.029,0.062,0.03,0.171,0.045,0.1,0.184,,0.183
1/30/2005,0.01,0.041,0.062,0.02,0.206,0.033,0.093,0.251,,0.21
2/6/2005,0.01,0.038,0.074,0.035,0.328,0.036,0.089,0.271,,0.183
2/13/2005,0.014,0.032,0.086,0.027,0.39,0.04,0.078,0.236,,0.165
2/20/2005,0.014,0.029,0.072,0.015,0.278,0.036,0.073,0.291,,0.188
2/27/2005,0.012,0.018,0.04,0.019,0.177,0.055,0.07,0.184,,0.196
3/6/2005,0.014,0.028,0.079,0.014,0.211,0.052,0.071,0.165,,0.17
3/13/2005,0.019,0.028,0.068,0.029,0.174,0.051,0.068,0.153,,0.162
3/20/2005,0.024,0.024,0.074,0.022,0.159,0.047,0.068,0.194,,0.164
3/27/2005,0.031,0.03,0.091,0.018,0.181,0.049,0.065,0.204,,0.17
4/3/2005,0.027,0.028,0.067,0.008,0.132,0.035,0.061,0.202,,0.172
4/10/2005,0.024,0.051,0.057,0.016,0.176,0.051,0.059,0.181,,0.164
4/17/2005,0.022,0.068,0.062,0.013,0.135,0.049,0.061,0.172,,0.167
4/24/2005,0.024,0.051,0.062,0.015,0.124,0.053,0.061,0.177,,0.162
5/1/2005,0.029,0.044,0.058,0.013,0.129,0.051,0.06,0.187,,0.174
5/8/2005,0.024,0.045,0.059,0.021,0.139,0.056,0.059,0.181,,0.175
5/15/2005,0.022,0.045,0.063,0.044,0.098,0.057,0.062,0.178,,0.19
5/22/2005,0.019,0.045,0.05,0.028,0.101,0.063,0.059,0.144,,0.181
5/29/2005,0.019,0.041,0.067,0.031,0.11,0.07,0.071,0.162,,0.192
6/5/2005,0.017,0.024,0.056,0.028,0.098,0.075,0.079,0.175,,0.176
6/12/2005,0.022,0.03,0.056,0.052,0.07,0.089,0.083,0.181,,0.175
6/19/2005,0.022,0.034,0.05,0.028,0.072,0.089,0.095,0.204,,0.2
6/26/2005,0.022,0.022,0.041,0.055,0.086,0.088,0.128,0.232,,0.211
7/3/2005,0.019,0.014,0.042,0.051,0.1,0.1,0.136,0.221,,0.186
7/10/2005,0.017,0.011,0.034,0.075,0.093,0.081,0.133,0.226,,0.183
7/17/2005,0.014,0.011,0.035,0.134,0.111,0.104,0.162,0.25,,0.222
7/24/2005,0.012,0.007,0.051,0.13,0.103,0.135,0.185,0.291,,0.196
7/31/2005,0.012,0.008,0.049,0.093,0.103,0.151,0.25,0.289,,0.218
8/7/2005,0.019,0.007,0.052,0.172,0.152,0.154,0.32,0.247,,0.18
8/14/2005,0.024,0.009,0.052,0.218,0.2,0.136,0.367,0.257,,0.255
8/21/2005,0.027,0.02,0.026,0.228,0.219,0.099,0.295,0.365,,0.217
8/28/2005,0.029,0.023,0.035,0.299,0.188,0.127,0.325,0.402,,0.197
9/4/2005,0.029,0.03,0.026,0.355,0.157,0.143,0.333,0.566,,0.229
9/11/2005,0.022,0.033,0.025,0.298,0.124,0.177,0.228,1,,0.226
9/18/2005,0.019,0.02,0.029,0.247,0.151,0.208,0.213,0.839,,0.19
9/25/2005,0.014,0.024,0.029,0.224,0.135,0.167,0.165,0.815,,0.229
10/2/2005,0.014,0.022,0.028,0.213,0.116,0.156,0.138,0.622,,0.207
10/9/2005,0.014,0.036,0.03,0.237,0.168,0.179,0.137,0.401,,0.239
10/16/2005,0.022,0.026,0.048,0.285,0.277,0.194,0.141,0.359,,0.283
10/23/2005,0.046,0.023,0.043,0.295,0.168,0.169,0.115,0.345,,0.301
10/30/2005,0.036,0.03,0.041,0.276,0.154,0.155,0.117,0.324,,0.246
11/6/2005,0.034,0.024,0.046,0.251,0.144,0.147,0.106,0.246,,0.244
11/13/2005,0.029,0.049,0.067,0.232,0.214,0.115,0.09,0.203,,0.206
11/20/2005,0.022,0.061,0.069,0.198,0.207,0.105,0.094,0.164,,0.275
11/27/2005,0.019,0.052,0.032,0.15,0.288,0.091,0.081,0.156,,0.211
12/4/2005,0.017,0.025,0.037,0.123,0.307,0.067,0.08,0.156,,0.177
12/11/2005,0.014,0.015,0.027,0.098,0.377,0.05,0.082,0.146,,0.187
12/18/2005,0.012,0.017,0.043,0.054,0.452,0.044,0.08,0.142,,0.18
12/25/2005,0.012,0.013,0.046,0.049,0.43,0.054,0.095,0.138,,0.18
1/1/2006,0.01,0.013,0.067,0.074,0.386,0.033,0.096,0.14,,0.204
1/8/2006,0.01,0.01,0.055,0.046,0.293,0.046,0.095,0.144,,0.207
1/15/2006,0.01,0.017,0.088,0.047,0.248,0.044,0.094,0.135,,0.201
1/22/2006,0.01,0.011,0.127,0.033,0.259,0.042,0.095,0.132,,0.2
1/29/2006,0.01,0.009,0.133,0.037,0.273,0.035,0.084,0.134,,0.194
2/5/2006,0.012,0.009,0.145,0.029,0.221,0.031,0.093,0.123,,0.215
2/12/2006,0.012,0.02,0.137,0.035,0.201,0.036,0.082,0.127,,0.217
2/19/2006,0.017,0.016,0.136,0.027,0.244,0.036,0.084,0.135,,0.199
2/26/2006,0.019,0.014,0.162,0.029,0.235,0.065,0.078,0.132,,0.183
3/5/2006,0.024,0.012,0.156,0.027,0.236,0.049,0.07,0.129,,0.189
3/12/2006,0.029,0.016,0.167,0.037,0.203,0.049,0.071,0.12,,0.167
3/19/2006,0.022,0.015,0.175,0.034,0.247,0.051,0.067,0.122,,0.204
3/26/2006,0.024,0.029,0.161,0.021,0.274,0.071,0.066,0.121,,0.205
4/2/2006,0.034,0.021,0.155,0.029,0.231,0.077,0.065,0.123,,0.168
4/9/2006,0.048,0.045,0.187,0.024,0.207,0.057,0.058,0.115,,0.229
4/16/2006,0.041,0.054,0.197,0.022,0.257,0.074,0.061,0.111,,0.172
4/23/2006,0.034,0.069,0.217,0.033,0.266,0.068,0.061,0.117,,0.145
4/30/2006,0.029,0.039,0.211,0.02,0.245,0.047,0.059,0.131,,0.148
5/7/2006,0.027,0.051,0.158,0.017,0.201,0.049,0.053,0.118,,0.172
5/14/2006,0.024,0.041,0.119,0.028,0.21,0.064,0.055,0.122,,0.169
5/21/2006,0.024,0.041,0.118,0.025,0.22,0.063,0.056,0.151,,0.176
5/28/2006,0.022,0.027,0.132,0.018,0.176,0.067,0.062,0.131,,0.193
6/4/2006,0.027,0.022,0.09,0.032,0.173,0.071,0.06,0.118,,0.193
6/11/2006,0.024,0.024,0.063,0.036,0.167,0.086,0.057,0.135,,0.204
6/18/2006,0.022,0.02,0.083,0.045,0.181,0.074,0.066,0.153,,0.207
6/25/2006,0.024,0.028,0.066,0.051,0.225,0.077,0.066,0.172,,0.201
7/2/2006,0.019,0.024,0.045,0.063,0.18,0.06,0.081,0.173,,0.173
7/9/2006,0.014,0.023,0.044,0.053,0.153,0.084,0.123,0.144,,0.171
7/16/2006,0.014,0.015,0.045,0.057,0.148,0.106,0.131,0.126,,0.161
7/23/2006,0.012,0.011,0.046,0.063,0.185,0.099,0.149,0.134,,0.147
7/30/2006,0.01,0.005,0.023,0.068,0.23,0.106,0.16,0.113,,0.149
8/6/2006,0.012,0.006,0.039,0.057,0.172,0.103,0.149,0.119,,0.152
8/13/2006,0.012,0.005,0.034,0.064,0.132,0.124,0.149,0.129,,0.15
8/20/2006,0.012,0.008,0.043,0.076,0.169,0.106,0.209,0.119,,0.15
8/27/2006,0.017,0.016,0.041,0.085,0.159,0.129,0.214,0.104,,0.15
9/3/2006,0.014,0.015,0.026,0.088,0.157,0.126,0.293,0.095,,0.147
9/10/2006,0.014,0.008,0.036,0.141,0.17,0.151,0.459,0.107,,0.148
9/17/2006,0.017,0.007,0.043,0.16,0.19,0.193,0.43,0.115,,0.15
9/24/2006,0.017,0.007,0.031,0.279,0.215,0.221,0.448,0.119,,0.146
10/1/2006,0.019,0.017,0.026,0.466,0.192,0.218,0.346,0.135,,0.159
10/8/2006,0.017,0.043,0.022,0.6,0.174,0.202,0.313,0.132,,0.165
10/15/2006,0.017,0.029,0.032,0.913,0.099,0.204,0.296,0.138,,0.181
10/22/2006,0.019,0.023,0.043,0.967,0.1,0.166,0.211,0.139,,0.177
10/29/2006,0.024,0.018,0.036,0.917,0.167,0.157,0.187,0.139,,0.206
11/5/2006,0.022,0.02,0.041,0.677,0.19,0.156,0.168,0.116,,0.203
11/12/2006,0.022,0.016,0.054,0.519,0.2,0.108,0.166,0.108,,0.191
11/19/2006,0.019,0.014,0.069,0.388,0.192,0.112,0.129,0.1,,0.216
11/26/2006,0.019,0.022,0.052,0.305,0.215,0.1,0.114,0.106,,0.182
12/3/2006,0.014,0.014,0.042,0.233,0.205,0.085,0.119,0.111,,0.183
12/10/2006,0.012,0.012,0.054,0.174,0.176,0.087,0.117,0.105,,0.203
12/17/2006,0.01,0.008,0.05,0.156,0.172,0.062,0.11,0.1,,0.199
12/24/2006,0.01,0.005,0.059,0.179,0.19,0.053,0.11,0.105,,0.204
12/31/2006,0.01,0.004,0.067,0.19,0.196,0.058,0.113,0.127,,0.23
1/7/2007,0.01,0.006,0.068,0.161,0.236,0.061,0.115,0.117,,0.258
1/14/2007,0.014,0.027,0.063,0.128,0.224,0.061,0.103,0.107,,0.225
1/21/2007,0.031,0.037,0.097,0.068,0.383,0.058,0.107,0.106,,0.222
1/28/2007,0.077,0.08,0.145,0.066,0.66,0.057,0.103,0.111,,0.248
2/4/2007,0.096,0.135,0.13,0.07,0.613,0.053,0.106,0.11,,0.233
2/11/2007,0.084,0.145,0.143,0.059,0.592,0.048,0.104,0.105,,0.191
2/18/2007,0.092,0.158,0.164,0.04,0.562,0.06,0.091,0.111,,0.206
2/25/2007,0.195,0.172,0.18,0.042,0.567,0.066,0.085,0.117,,0.207
3/4/2007,0.407,0.202,0.213,0.044,0.44,0.071,0.088,0.106,,0.199
3/11/2007,0.694,0.199,0.277,0.043,0.341,0.081,0.083,0.104,,0.169
3/18/2007,0.933,0.127,0.306,0.027,0.371,0.072,0.076,0.108,,0.182
3/25/2007,0.561,0.107,0.317,0.032,0.287,0.079,0.076,0.113,,0.177
4/1/2007,0.301,0.109,0.342,0.026,0.42,0.058,0.072,0.109,,0.173
4/8/2007,0.316,0.093,0.364,0.023,0.427,0.066,0.071,0.111,,0.183
4/15/2007,0.325,0.082,0.384,0.019,0.392,0.083,0.068,0.148,,0.166
4/22/2007,0.207,0.089,0.393,0.028,0.352,0.068,0.07,0.142,,0.162
4/29/2007,0.128,0.081,0.333,0.03,0.487,0.073,0.063,0.191,,0.156
5/6/2007,0.104,0.046,0.269,0.031,0.348,0.056,0.062,0.188,,0.179
5/13/2007,0.07,0.059,0.253,0.029,0.299,0.061,0.061,0.213,,0.174
5/20/2007,0.053,0.064,0.221,0.046,0.322,0.07,0.063,0.287,,0.163
5/27/2007,0.055,0.049,0.173,0.045,0.321,0.081,0.072,0.293,,0.17
6/3/2007,0.051,0.037,0.146,0.06,0.317,0.091,0.071,0.263,,0.189
6/10/2007,0.053,0.029,0.18,0.082,0.25,0.096,0.068,0.284,,0.189
6/17/2007,0.043,0.022,0.13,0.1,0.23,0.1,0.078,0.347,,0.224
6/24/2007,0.039,0.024,0.101,0.116,0.188,0.115,0.11,0.434,,0.203
7/1/2007,0.024,0.024,0.088,0.105,0.213,0.104,0.138,0.413,,0.22
7/8/2007,0.019,0.017,0.1,0.136,0.181,0.106,0.168,0.406,,0.234
7/15/2007,0.019,0.017,0.087,0.129,0.22,0.116,0.223,0.377,,0.262
7/22/2007,0.019,0.018,0.075,0.097,0.214,0.118,0.208,0.33,,0.288
7/29/2007,0.017,0.019,0.074,0.087,0.215,0.104,0.158,0.339,,0.309
8/5/2007,0.017,0.022,0.045,0.1,0.234,0.123,0.161,0.232,,0.345
8/12/2007,0.019,0.019,0.05,0.106,0.197,0.149,0.196,0.214,,0.346
8/19/2007,0.017,0.019,0.051,0.134,0.224,0.133,0.199,0.192,,0.388
8/26/2007,0.022,0.014,0.054,0.118,0.209,0.178,0.188,0.176,,0.366
9/2/2007,0.022,0.012,0.068,0.128,0.179,0.186,0.205,0.192,,0.375
9/9/2007,0.019,0.013,0.065,0.151,0.176,0.192,0.189,0.224,,0.353
9/16/2007,0.017,0.01,0.062,0.159,0.233,0.24,0.225,0.23,,0.378
9/23/2007,0.034,0.009,0.055,0.16,0.169,0.274,0.195,0.186,,0.359
9/30/2007,0.036,0.01,0.059,0.174,0.174,0.345,0.248,0.17,,0.362
10/7/2007,0.029,0.02,0.079,0.205,0.111,0.363,0.24,0.151,,0.385
10/14/2007,0.024,0.03,0.119,0.197,0.126,0.488,0.18,0.126,,0.434
10/21/2007,0.034,0.021,0.121,0.172,0.187,0.586,0.212,0.135,,0.43
10/28/2007,0.041,0.017,0.122,0.139,0.201,0.529,0.2,0.124,,0.417
11/4/2007,0.031,0.016,0.125,0.11,0.222,0.397,0.19,0.12,,0.441
11/11/2007,0.034,0.014,0.099,0.109,0.195,0.287,0.17,0.111,,0.457
11/18/2007,0.027,0.015,0.134,0.116,0.245,0.214,0.152,0.11,,0.435
11/25/2007,0.024,0.014,0.131,0.088,0.192,0.162,0.139,0.116,,0.411
12/2/2007,0.024,0.016,0.123,0.072,0.225,0.159,0.169,0.115,,0.408
12/9/2007,0.019,0.015,0.105,0.051,0.217,0.115,0.141,0.107,,0.441
12/16/2007,0.014,0.011,0.116,0.045,0.183,0.088,0.132,0.116,,0.492
12/23/2007,0.014,0.01,0.15,0.045,0.22,0.069,0.134,0.126,,0.568
12/30/2007,0.014,0.008,0.194,0.043,0.183,0.058,0.171,0.12,,0.509
1/6/2008,0.012,0.009,0.164,0.036,0.219,0.063,0.149,0.138,,0.558
1/13/2008,0.014,0.022,0.204,0.04,0.238,0.057,0.147,0.123,,0.675
1/20/2008,0.017,0.028,0.175,0.039,0.309,0.055,0.16,0.14,,0.773
1/27/2008,0.014,0.03,0.165,0.038,0.3,0.063,0.183,0.14,,0.733
2/3/2008,0.017,0.028,0.156,0.033,0.284,0.062,0.186,0.124,,0.729
2/10/2008,0.022,0.027,0.18,0.021,0.314,0.063,0.175,0.123,,0.659
2/17/2008,0.046,0.052,0.191,0.025,0.28,0.064,0.164,0.122,,0.624
2/24/2008,0.041,0.033,0.233,0.026,0.233,0.058,0.115,0.116,,0.544
3/2/2008,0.058,0.028,0.27,0.025,0.193,0.065,0.116,0.108,,0.522
3/9/2008,0.099,0.043,0.335,0.026,0.267,0.054,0.105,0.106,,0.424
3/16/2008,0.084,0.033,0.447,0.015,0.231,0.055,0.097,0.108,,0.31
3/23/2008,0.075,0.04,0.702,0.021,0.241,0.069,0.083,0.113,,0.483
3/30/2008,0.07,0.041,0.957,0.021,0.268,0.065,0.084,0.109,,0.374
4/6/2008,0.082,0.064,1,0.024,0.274,0.078,0.086,0.126,,0.309
4/13/2008,0.06,0.044,0.758,0.016,0.283,0.078,0.083,0.145,,0.27
4/20/2008,0.063,0.059,0.662,0.026,0.239,0.081,0.077,0.139,,0.259
4/27/2008,0.053,0.046,0.451,0.018,0.27,0.063,0.078,0.146,,0.239
5/4/2008,0.043,0.054,0.309,0.014,0.259,0.071,0.075,0.142,,0.222
5/11/2008,0.029,0.031,0.249,0.015,0.252,0.066,0.077,0.137,,0.227
5/18/2008,0.034,0.027,0.229,0.021,0.236,0.079,0.076,0.139,,0.238
5/25/2008,0.024,0.028,0.197,0.021,0.231,0.101,0.085,0.115,,0.207
6/1/2008,0.022,0.06,0.124,0.018,0.23,0.142,0.079,0.113,,0.214
6/8/2008,0.017,0.036,0.105,0.03,0.181,0.12,0.081,0.123,,0.216
6/15/2008,0.014,0.037,0.1,0.045,0.186,0.097,0.084,0.118,,0.226
6/22/2008,0.014,0.027,0.065,0.052,0.148,0.109,0.079,0.124,,0.198
6/29/2008,0.014,0.018,0.048,0.062,0.14,0.103,0.091,0.126,,0.182
7/6/2008,0.014,0.021,0.045,0.051,0.147,0.109,0.099,0.122,,0.181
7/13/2008,0.014,0.018,0.03,0.056,0.146,0.131,0.082,0.133,,0.178
7/20/2008,0.012,0.014,0.028,0.052,0.146,0.132,0.087,0.133,,0.175
7/27/2008,0.01,0.01,0.032,0.071,0.155,0.128,0.099,0.139,,0.18
8/3/2008,0.012,0.007,0.027,0.078,0.161,0.123,0.115,0.122,,0.17
8/10/2008,0.012,0.007,0.024,0.09,0.123,0.137,0.115,0.121,,0.177
8/17/2008,0.012,0.005,0.035,0.109,0.13,0.125,0.141,0.113,,0.174
8/24/2008,0.014,0.01,0.029,0.175,0.146,0.135,0.135,0.121,,0.173
8/31/2008,0.017,0.017,0.031,0.222,0.158,0.157,0.164,0.115,,0.187
9/7/2008,0.014,0.017,0.033,0.232,0.171,0.191,0.107,0.118,,0.164
9/14/2008,0.012,0.011,0.025,0.249,0.164,0.2,0.157,0.108,0.104,0.171
9/21/2008,0.012,0.008,0.026,0.262,0.15,0.208,0.123,0.107,0.125,0.178
9/28/2008,0.014,0.01,0.025,0.244,0.115,0.259,0.1,0.105,0.118,0.176
10/5/2008,0.017,0.012,0.025,0.215,0.165,0.243,0.096,0.112,0.112,0.197
10/12/2008,0.014,0.014,0.028,0.23,0.162,0.224,0.1,0.11,0.113,0.216
10/19/2008,0.014,0.016,0.044,0.232,0.189,0.217,0.102,0.109,0.113,0.233
10/26/2008,0.024,0.03,0.046,0.235,0.192,0.201,0.103,0.105,0.122,0.251
11/2/2008,0.029,0.021,0.049,0.193,0.18,0.179,0.107,0.117,0.136,0.267
11/9/2008,0.031,0.025,0.061,0.161,0.207,0.17,0.097,0.11,0.146,0.241
11/16/2008,0.031,0.032,0.059,0.12,0.205,0.148,0.085,0.109,0.159,0.205
11/23/2008,0.024,0.036,0.059,0.095,0.226,0.136,0.091,0.115,0.149,0.223
11/30/2008,0.017,0.031,0.041,0.075,0.21,0.12,0.086,0.109,0.123,0.237
12/7/2008,0.014,0.037,0.07,0.068,0.195,0.102,0.088,0.104,0.101,0.245
12/14/2008,0.012,0.035,0.099,0.076,0.199,0.073,0.101,0.106,0.102,0.215
12/21/2008,0.014,0.039,0.098,0.069,0.169,0.057,0.103,0.107,0.097,0.216
12/28/2008,0.014,0.065,0.108,0.063,0.188,0.06,0.112,0.115,0.091,0.205
1/4/2009,0.014,0.123,0.127,0.047,0.21,0.066,0.13,0.12,0.086,0.206
1/11/2009,0.017,0.231,0.117,0.039,0.242,0.062,0.115,0.116,0.091,0.213
1/18/2009,0.017,0.37,0.117,0.041,0.235,0.058,0.114,0.12,0.089,0.241
1/25/2009,0.027,0.548,0.145,0.038,0.235,0.064,0.125,0.12,0.109,0.22
2/1/2009,0.029,0.803,0.172,0.027,0.227,0.057,0.122,0.128,0.125,0.221
2/8/2009,0.039,1,0.209,0.029,0.239,0.07,0.102,0.113,0.13,0.209
2/15/2009,0.07,0.852,0.252,0.023,0.249,0.069,0.122,0.115,0.12,0.199
2/22/2009,0.108,0.723,0.262,0.026,0.214,0.073,0.137,0.11,0.106,0.207
3/1/2009,0.166,0.929,0.377,0.022,0.217,0.081,0.099,0.101,0.096,0.217
3/8/2009,0.227,0.753,0.42,0.02,0.226,0.071,0.099,0.119,0.084,0.232
3/15/2009,0.383,0.509,0.435,0.021,0.244,0.071,0.1,0.129,0.086,0.21
3/22/2009,0.436,0.399,0.439,0.019,0.226,0.086,0.1,0.13,0.085,0.194
3/29/2009,0.53,0.301,0.403,0.019,0.224,0.101,0.083,0.138,0.084,0.205
4/5/2009,0.699,0.179,0.31,0.016,0.223,0.083,0.076,0.129,0.078,0.201
4/12/2009,0.788,0.173,0.344,0.023,0.235,0.121,0.068,0.133,0.073,0.226
4/19/2009,0.817,0.142,0.255,0.023,0.211,0.121,0.071,0.141,0.078,0.227
4/26/2009,0.971,0.156,0.235,0.019,0.217,0.079,0.078,0.123,0.1,0.226
5/3/2009,1,0.164,0.214,0.024,0.215,0.07,0.078,0.115,0.099,0.194
5/10/2009,0.916,0.143,0.23,0.021,0.192,0.103,0.075,0.107,0.125,0.207
5/17/2009,0.619,0.111,0.23,0.019,0.187,0.151,0.089,0.113,0.202,0.212
5/24/2009,0.489,0.1,0.206,0.023,0.177,0.144,0.087,0.117,0.227,0.184
5/31/2009,0.412,0.084,0.166,0.031,0.175,0.117,0.087,0.1,0.235,0.181
6/7/2009,0.357,0.099,0.108,0.041,0.176,0.11,0.181,0.1,0.231,0.199
6/14/2009,0.263,0.096,0.111,0.041,0.174,0.098,0.178,0.095,0.248,0.205
6/21/2009,0.217,0.074,0.088,0.051,0.176,0.102,0.182,0.097,0.224,0.195
6/28/2009,0.145,0.064,0.069,0.053,0.154,0.097,0.19,0.095,0.181,0.18
7/5/2009,0.101,0.048,0.07,0.061,0.17,0.102,0.19,0.099,0.141,0.177
7/12/2009,0.128,0.055,0.064,0.068,0.17,0.112,0.176,0.111,0.189,0.187
7/19/2009,0.106,0.077,0.049,0.064,0.159,0.117,0.16,0.105,0.17,0.183
7/26/2009,0.159,0.069,0.052,0.064,0.147,0.121,0.14,0.1,0.145,0.192
8/2/2009,0.169,0.049,0.055,0.084,0.161,0.18,0.131,0.107,0.147,0.191
8/9/2009,0.142,0.058,0.058,0.096,0.177,0.198,0.126,0.098,0.144,0.195
8/16/2009,0.152,0.066,0.078,0.106,0.133,0.218,0.143,0.098,0.165,0.201
8/23/2009,0.212,0.055,0.079,0.114,0.151,0.271,0.156,0.087,0.168,0.23
8/30/2009,0.224,0.066,0.076,0.098,0.145,0.452,0.171,0.086,0.139,0.239
9/6/2009,0.166,0.07,0.064,0.112,0.136,0.652,0.176,0.084,0.137,0.252
9/13/2009,0.147,0.056,0.08,0.125,0.116,0.769,0.184,0.085,0.125,0.252
9/20/2009,0.149,0.034,0.065,0.14,0.108,0.943,0.186,0.094,0.104,0.28
9/27/2009,0.21,0.044,0.063,0.173,0.135,1,0.161,0.091,0.093,0.347
10/4/2009,0.287,0.048,0.053,0.215,0.138,0.977,0.167,0.091,0.08,0.405
10/11/2009,0.347,0.049,0.044,0.241,0.139,0.988,0.159,0.091,0.069,0.473
10/18/2009,0.463,0.057,0.074,0.292,0.135,0.847,0.147,0.094,0.066,0.586
10/25/2009,0.46,0.043,0.086,0.335,0.141,0.729,0.194,0.091,0.071,0.637
11/1/2009,0.366,0.037,0.109,0.316,0.158,0.644,0.15,0.085,0.09,0.656
11/8/2009,0.371,0.044,0.118,0.267,0.146,0.567,0.146,0.086,0.102,0.681
11/15/2009,0.427,0.035,0.122,0.206,0.143,0.59,0.154,0.088,0.112,0.69
11/22/2009,0.373,0.043,0.142,0.17,0.123,0.432,0.177,0.088,0.107,0.729
11/29/2009,0.349,0.038,0.121,0.125,0.153,0.31,0.17,0.09,0.097,0.626
12/6/2009,0.275,0.037,0.103,0.105,0.144,0.24,0.164,0.095,0.087,0.573
12/13/2009,0.412,0.027,0.11,0.08,0.141,0.185,0.15,0.093,0.093,0.502
12/20/2009,0.388,0.018,0.108,0.069,0.129,0.13,0.135,0.089,0.089,0.45
12/27/2009,0.4,0.013,0.127,0.067,0.13,0.129,0.177,0.093,0.077,0.434
1/3/2010,0.482,0.011,0.161,0.071,0.15,0.106,0.175,0.095,0.079,0.471
1/10/2010,0.386,0.014,0.185,0.057,0.178,0.096,0.17,0.104,0.096,0.414
1/17/2010,0.361,0.019,0.199,0.051,0.17,0.089,0.151,0.11,0.095,0.395
1/24/2010,0.258,0.024,0.212,0.045,0.167,0.093,0.166,0.1,0.093,0.371
1/31/2010,0.21,0.022,0.257,0.041,0.174,0.08,0.169,0.097,0.096,0.362
2/7/2010,0.251,0.028,0.318,0.041,0.168,0.085,0.146,0.097,0.094,0.337
2/14/2010,0.455,0.031,0.37,0.038,0.164,0.078,0.148,0.096,0.096,0.345
2/21/2010,0.284,0.062,0.583,0.027,0.153,0.075,0.138,0.098,0.095,0.373
2/28/2010,0.306,0.092,0.596,0.02,0.161,0.082,0.125,0.098,0.102,0.361
3/7/2010,0.316,0.081,0.626,0.016,0.168,0.09,0.12,0.09,0.107,0.366
3/14/2010,0.287,0.065,0.623,0.017,0.167,0.09,0.138,0.089,0.096,0.375
3/21/2010,0.229,0.065,0.652,0.017,0.161,0.107,0.113,0.106,0.095,0.35
3/28/2010,0.229,0.047,0.586,0.012,0.154,0.067,0.117,0.106,0.082,0.325
4/4/2010,0.181,0.049,0.623,0.013,0.158,0.085,0.097,0.113,0.072,0.351
4/11/2010,0.147,0.046,0.62,0.009,0.154,0.103,0.089,0.101,0.069,0.349
4/18/2010,0.142,0.036,0.499,0.013,0.151,0.099,0.097,0.112,0.078,0.369
4/25/2010,0.104,0.032,0.465,0.014,0.158,0.109,0.107,0.116,0.096,0.42
5/2/2010,0.101,0.032,0.482,0.013,0.133,0.102,0.109,0.108,0.097,0.464
5/9/2010,0.087,0.026,0.396,0.016,0.139,0.105,0.1,0.104,0.114,0.582
5/16/2010,0.07,0.024,0.349,0.023,0.144,0.116,0.113,0.102,0.17,0.744
5/23/2010,0.06,0.025,0.286,0.027,0.144,0.117,0.113,0.107,0.156,0.948
5/30/2010,0.07,0.028,0.229,0.038,0.135,0.123,0.115,0.101,0.221,1
6/6/2010,0.048,0.025,0.213,0.051,0.126,0.128,0.127,0.102,0.286,0.977
6/13/2010,0.046,0.023,0.183,0.058,0.126,0.116,0.118,0.097,0.272,0.96
6/20/2010,0.041,0.018,0.165,0.07,0.124,0.118,0.17,0.105,0.299,0.963
6/27/2010,0.048,0.019,0.134,0.079,0.115,0.119,0.218,0.104,0.36,0.977
7/4/2010,0.034,0.021,0.125,0.097,0.112,0.147,0.319,0.113,0.385,0.865
7/11/2010,0.029,0.015,0.107,0.102,0.131,0.197,0.39,0.112,0.393,0.761
7/18/2010,0.022,0.012,0.099,0.134,0.132,0.279,0.386,0.112,0.39,0.703
7/25/2010,0.034,0.012,0.096,0.165,0.124,0.328,0.486,0.115,0.311,0.658
8/1/2010,0.036,0.015,0.093,0.189,0.127,0.333,0.494,0.126,0.381,0.615
8/8/2010,0.036,0.016,0.108,0.214,0.123,0.287,0.58,0.127,0.345,0.611
8/15/2010,0.039,0.016,0.103,0.364,0.12,0.25,0.753,0.12,0.486,0.607
8/22/2010,0.048,0.011,0.109,0.513,0.137,0.227,0.882,0.117,0.562,0.552
8/29/2010,0.034,0.011,0.102,0.566,0.118,0.222,1,0.119,0.547,0.529
9/5/2010,0.039,0.016,0.087,0.634,0.093,0.216,0.912,0.115,0.433,0.504
9/12/2010,0.039,0.016,0.102,0.705,0.11,0.196,0.845,0.119,0.428,0.464
9/19/2010,0.046,0.011,0.096,0.693,0.133,0.209,0.674,0.113,0.345,0.412
9/26/2010,0.06,0.011,0.073,0.626,0.144,0.216,0.548,0.117,0.24,0.414
10/3/2010,0.075,0.021,0.065,0.626,0.143,0.228,0.381,0.123,0.174,0.405
10/10/2010,0.084,0.02,0.054,0.572,0.137,0.218,0.288,0.109,0.147,0.437
10/17/2010,0.082,0.017,0.08,0.572,0.143,0.209,0.238,0.115,0.119,0.471
10/24/2010,0.072,0.015,0.085,0.442,0.142,0.221,0.214,0.107,0.126,0.568
10/31/2010,0.12,0.02,0.096,0.31,0.135,0.214,0.178,0.113,0.11,0.632
11/7/2010,0.094,0.02,0.102,0.258,0.134,0.203,0.174,0.102,0.129,0.628
11/14/2010,0.099,0.018,0.114,0.187,0.118,0.184,0.168,0.096,0.13,0.574
11/21/2010,0.08,0.017,0.121,0.144,0.124,0.186,0.191,0.098,0.133,0.553
11/28/2010,0.063,0.014,0.102,0.113,0.142,0.149,0.167,0.094,0.121,0.481
12/5/2010,0.048,0.012,0.093,0.093,0.124,0.138,0.177,0.098,0.124,0.432
12/12/2010,0.039,0.012,0.094,0.073,0.128,0.103,0.182,0.101,0.122,0.372
12/19/2010,0.034,0.012,0.105,0.061,0.114,0.06,0.185,0.097,0.097,0.323
12/26/2010,0.036,0.01,0.101,0.064,0.105,0.05,0.204,0.106,0.087,0.327
1/2/2011,0.041,0.014,0.112,0.067,0.116,0.049,0.197,0.106,0.086,0.34
1/9/2011,0.041,0.051,0.126,0.056,0.128,0.051,0.161,0.109,0.101,0.341
1/16/2011,0.053,0.068,0.127,0.056,0.124,0.048,0.171,0.107,0.101,0.348
1/23/2011,0.063,0.058,0.15,0.042,0.121,0.048,0.152,0.111,0.092,0.318
1/30/2011,0.077,0.085,0.162,0.036,0.106,0.042,0.151,0.111,0.102,0.322
2/6/2011,0.077,0.115,0.216,0.029,0.112,0.045,0.156,0.099,0.104,0.33
2/13/2011,0.089,0.101,0.262,0.024,0.104,0.043,0.168,0.089,0.089,0.32
2/20/2011,0.087,0.104,0.324,0.019,0.11,0.052,0.143,0.093,0.091,0.313
2/27/2011,0.087,0.08,0.295,0.015,0.102,0.067,0.136,0.093,0.086,0.271
3/6/2011,0.142,0.08,0.284,0.014,0.11,0.079,0.112,0.093,0.076,0.263
3/13/2011,0.202,0.084,0.392,0.013,0.118,0.086,0.106,0.094,0.077,0.274
3/20/2011,0.193,0.092,0.487,0.016,0.114,0.076,0.108,0.099,0.072,0.3
3/27/2011,0.202,0.096,0.458,0.012,0.106,0.078,0.094,0.1,0.065,0.279
4/3/2011,0.207,0.109,0.486,0.017,0.11,0.081,0.093,0.104,0.061,0.271
4/10/2011,0.169,0.1,0.444,0.022,0.109,0.085,0.093,0.095,0.056,0.214
4/17/2011,0.096,0.089,0.372,0.035,0.101,0.062,0.084,0.09,0.069,0.178
4/24/2011,0.099,0.094,0.366,0.026,0.107,0.085,0.092,0.094,0.08,0.21
5/1/2011,0.072,0.076,0.32,0.023,0.101,0.081,0.096,0.091,0.085,0.189
5/8/2011,0.089,0.058,0.279,0.021,0.105,0.075,0.075,0.088,0.109,0.201
5/15/2011,0.077,0.05,0.255,0.024,0.093,0.082,0.07,0.09,0.122,0.206
5/22/2011,0.055,0.04,0.216,0.023,0.101,0.084,0.077,0.093,0.163,0.205
5/29/2011,0.053,0.046,0.175,0.023,0.096,0.08,0.104,0.102,0.193,0.199
6/5/2011,0.055,0.046,0.139,0.024,0.097,0.08,0.109,0.099,0.231,0.206
6/12/2011,0.041,0.034,0.129,0.029,0.102,0.078,0.117,0.108,0.257,0.195
6/19/2011,0.041,0.027,0.099,0.035,0.099,0.073,0.108,0.104,0.259,0.188
6/26/2011,0.043,0.021,0.089,0.051,0.086,0.069,0.141,0.123,0.238,0.185
7/3/2011,0.029,0.016,0.076,0.047,0.092,0.086,0.145,0.128,0.219,0.174
7/10/2011,0.024,0.011,0.072,0.049,0.085,0.098,0.184,0.129,0.186,0.175
7/17/2011,0.014,0.012,0.058,0.062,0.087,0.1,0.181,0.134,0.229,0.16
7/24/2011,0.029,0.012,0.068,0.062,0.08,0.118,0.201,0.152,0.199,0.166
7/31/2011,0.029,0.009,0.066,0.067,0.081,0.106,0.233,0.151,0.206,0.156
8/7/2011,0.027,0.007,0.073,0.078,0.081,0.095,0.443,0.148,0.175,0.156
8/14/2011,0.024,0.01,0.074,0.089,0.077,0.094,0.725,0.134,0.181,0.159
8/21/2011,0.029,0.013,0.074,0.086,0.072,0.093,0.871,0.119,0.206,0.158
8/28/2011,0.029,0.012,0.076,0.076,0.067,0.104,0.634,0.112,0.182,0.157
9/4/2011,0.029,0.012,0.076,0.079,0.077,0.118,0.499,0.118,0.172,0.157
9/11/2011,0.019,0.011,0.079,0.092,0.094,0.111,0.403,0.11,0.181,0.164
9/18/2011,0.019,0.01,0.073,0.098,0.091,0.131,0.361,0.117,0.18,0.183
9/25/2011,0.029,0.01,0.071,0.116,0.095,0.161,0.324,0.122,0.139,0.175
10/2/2011,0.027,0.01,0.075,0.127,0.098,0.167,0.287,0.112,0.12,0.189
10/9/2011,0.024,0.012,0.071,0.156,0.101,0.171,0.209,0.116,0.108,0.199
10/16/2011,0.029,0.018,0.082,0.189,0.101,0.178,0.137,0.104,0.098,0.246
10/23/2011,0.031,0.019,0.097,0.192,0.101,0.165,0.117,0.104,0.093,0.299
10/30/2011,0.034,0.018,0.09,0.191,0.095,0.128,0.094,0.109,0.107,0.33
11/6/2011,0.036,0.017,0.097,0.142,0.1,0.13,0.085,0.116,0.14,0.296
11/13/2011,0.039,0.015,0.09,0.1,0.11,0.106,0.083,0.102,0.149,0.274
11/20/2011,0.043,0.019,0.092,0.084,0.099,0.086,0.092,0.106,0.152,0.278
11/27/2011,0.041,0.022,0.079,0.069,0.106,0.075,0.085,0.104,0.133,0.251
12/4/2011,0.029,0.019,0.08,0.054,0.107,0.067,0.105,0.104,0.123,0.232
12/11/2011,0.024,0.014,0.087,0.04,0.104,0.056,0.092,0.102,0.108,0.208
12/18/2011,0.024,0.011,0.083,0.032,0.101,0.048,0.098,0.098,0.117,0.183
12/25/2011,0.024,0.016,0.084,0.034,0.093,0.049,0.104,0.101,0.101,0.182
1/1/2012,0.034,0.061,0.103,0.033,0.106,0.054,0.102,0.109,0.108,0.183
1/8/2012,0.036,0.06,0.112,0.031,0.116,0.058,0.097,0.104,0.125,0.197
1/15/2012,0.036,0.058,0.095,0.022,0.118,0.06,0.091,0.102,0.134,0.203
1/22/2012,0.039,0.049,0.102,0.018,0.113,0.066,0.101,0.104,0.12,0.214
1/29/2012,0.055,0.063,0.109,0.017,0.115,0.069,0.123,0.101,0.106,0.205
2/5/2012,0.077,0.087,0.116,0.012,0.114,0.059,0.117,0.097,0.127,0.198
2/12/2012,0.092,0.087,0.124,0.012,0.105,0.06,0.103,0.112,0.109,0.184
2/19/2012,0.089,0.075,0.141,0.011,0.108,0.061,0.12,0.116,0.119,0.191
2/26/2012,0.077,0.077,0.177,0.009,0.106,0.071,0.102,0.109,0.098,0.198
3/4/2012,0.07,0.061,0.176,0.007,0.112,0.073,0.091,0.111,0.082,0.204
3/11/2012,0.08,0.07,0.188,0.01,0.106,0.064,0.092,0.106,0.083,0.186
3/18/2012,0.07,0.061,0.198,0.008,0.102,0.063,0.101,0.109,0.086,0.184
3/25/2012,0.058,0.055,0.194,0.01,0.106,0.071,0.08,0.108,0.072,0.174
4/1/2012,0.055,0.047,0.177,0.013,0.098,0.059,0.078,0.105,0.063,0.161
4/8/2012,0.055,0.045,0.202,0.013,0.104,0.072,0.083,0.104,0.062,0.169
4/15/2012,0.046,0.044,0.204,0.015,0.1,0.076,0.085,0.106,0.071,0.171
4/22/2012,0.034,0.038,0.217,0.018,0.099,0.071,0.076,0.105,0.078,0.166
4/29/2012,0.029,0.034,0.185,0.015,0.1,0.07,0.09,0.101,0.092,0.165
5/6/2012,0.043,0.037,0.197,0.022,0.1,0.068,0.087,0.108,0.095,0.168
5/13/2012,0.043,0.024,0.186,0.029,0.093,0.075,0.116,0.112,0.129,0.181
5/20/2012,0.034,0.023,0.17,0.05,0.096,0.083,0.141,0.108,0.155,0.197
5/27/2012,0.039,0.02,0.16,0.06,0.1,0.09,0.142,0.113,0.176,0.202
6/3/2012,0.031,0.016,0.114,0.051,0.094,0.094,0.17,0.124,0.196,0.188
6/10/2012,0.029,0.015,0.113,0.065,0.095,0.097,0.189,0.112,0.258,0.182
6/17/2012,0.024,0.016,0.107,0.066,0.096,0.103,0.185,0.119,0.258,0.186
6/24/2012,0.027,0.011,0.093,0.069,0.087,0.111,0.197,0.123,0.297,0.196
7/1/2012,0.019,0.009,0.083,0.06,0.084,0.117,0.206,0.124,0.3,0.2
7/8/2012,0.017,0.008,0.067,0.055,0.083,0.141,0.242,0.133,0.345,0.182
7/15/2012,0.012,0.008,0.051,0.057,0.076,0.164,0.286,0.14,0.322,0.192
7/22/2012,0.012,0.008,0.06,0.074,0.081,0.196,0.284,0.141,0.334,0.2
7/29/2012,0.017,0.005,0.061,0.091,0.078,0.223,0.256,0.122,0.227,0.212
8/5/2012,0.017,0.005,0.059,0.097,0.076,0.235,0.236,0.109,0.272,0.224
8/12/2012,0.019,0.01,0.053,0.122,0.069,0.258,0.256,0.115,0.254,0.235
8/19/2012,0.017,0.012,0.05,0.147,0.07,0.288,0.227,0.115,0.256,0.258
8/26/2012,0.024,0.014,0.049,0.19,0.075,0.309,0.212,0.116,0.233,0.273
9/2/2012,0.029,0.012,0.044,0.248,0.083,0.337,0.207,0.112,0.221,0.269
9/9/2012,0.039,0.009,0.051,0.228,0.08,0.319,0.204,0.113,0.224,0.269
9/16/2012,0.034,0.009,0.054,0.212,0.082,0.311,0.184,0.115,0.217,0.243
9/23/2012,0.027,0.006,0.043,0.231,0.088,0.315,0.218,0.118,0.181,0.236
9/30/2012,0.027,0.012,0.043,0.302,0.086,0.323,0.257,0.118,0.17,0.235
10/7/2012,0.027,0.014,0.038,0.459,0.087,0.314,0.311,0.118,0.159,0.224
10/14/2012,0.031,0.012,0.05,0.644,0.084,0.316,0.337,0.119,0.142,0.243
10/21/2012,0.036,0.015,0.059,1,0.081,0.311,0.247,0.127,0.152,0.272
10/28/2012,0.043,0.014,0.056,0.913,0.084,0.282,0.231,0.128,0.156,0.326
11/4/2012,0.043,0.013,0.063,0.715,0.088,0.284,0.22,0.115,0.174,0.346
11/11/2012,0.041,0.013,0.058,0.452,0.085,0.231,0.132,0.117,0.181,0.333
11/18/2012,0.041,0.01,0.067,0.401,0.095,0.195,0.128,0.12,0.186,0.307
11/25/2012,0.041,0.009,0.057,0.294,0.1,0.168,0.134,0.118,0.168,0.309
12/2/2012,0.034,0.014,0.054,0.216,0.103,0.162,0.134,0.116,0.187,0.277
12/9/2012,0.029,0.015,0.053,0.177,0.106,0.117,0.154,0.115,0.192,0.229
12/16/2012,0.039,0.009,0.059,0.132,0.098,0.116,0.171,0.118,0.184,0.228
12/23/2012,0.034,0.008,0.081,0.105,0.095,0.103,0.195,0.126,0.155,0.235
12/30/2012,0.031,0.006,0.111,0.093,0.102,0.092,0.185,0.126,0.143,0.223
1/6/2013,0.053,0.012,0.127,0.078,0.112,0.084,0.172,0.141,0.178,0.231
1/13/2013,0.06,0.021,0.145,0.07,0.122,0.079,0.16,0.142,0.171,0.221
1/20/2013,0.089,0.015,0.171,0.063,0.114,0.079,0.154,0.152,0.186,0.248
1/27/2013,0.125,0.011,0.178,0.057,0.119,0.081,0.169,0.169,0.184,0.252
2/3/2013,0.106,0.015,0.182,0.056,0.121,0.085,0.175,0.185,0.177,0.267
2/10/2013,0.12,0.013,0.238,0.054,0.109,0.082,0.148,0.184,0.178,0.245
2/17/2013,0.212,0.025,0.275,0.051,0.112,0.084,0.113,0.193,0.178,0.263
2/24/2013,0.181,0.022,0.323,0.049,0.111,0.086,0.105,0.167,0.147,0.312
3/3/2013,0.217,0.018,0.328,0.035,0.107,0.091,0.094,0.162,0.185,0.255
3/10/2013,0.207,0.014,0.368,0.032,0.111,0.083,0.091,0.142,0.187,0.258
3/17/2013,0.188,0.022,0.421,0.029,0.118,0.085,0.071,0.123,0.2,0.288
3/24/2013,0.154,0.023,0.423,0.025,0.111,0.07,0.081,0.143,0.162,0.215
3/31/2013,0.159,0.019,0.501,0.025,0.108,0.088,0.063,0.157,0.146,0.281
4/7/2013,0.154,0.015,0.568,0.03,0.108,0.093,0.061,0.196,0.138,0.215
4/14/2013,0.176,0.023,0.488,0.022,0.104,0.088,0.053,0.219,0.147,0.195
4/21/2013,0.234,0.018,0.383,0.027,0.097,0.089,0.049,0.217,0.191,0.223
4/28/2013,0.152,0.016,0.32,0.02,0.101,0.087,0.053,0.27,0.187,0.218
5/5/2013,0.152,0.018,0.264,0.025,0.102,0.094,0.053,0.252,0.194,0.259
5/12/2013,0.137,0.019,0.241,0.033,0.101,0.104,0.057,0.228,0.21,0.314
5/19/2013,0.096,0.012,0.2,0.04,0.101,0.108,0.064,0.23,0.26,0.334
5/26/2013,0.082,0.008,0.147,0.065,0.1,0.113,0.077,0.25,0.318,0.332
6/2/2013,0.077,0.009,0.129,0.093,0.096,0.133,0.093,0.314,0.461,0.321
6/9/2013,0.067,0.008,0.124,0.103,0.093,0.156,0.109,0.441,0.727,0.31
6/16/2013,0.039,0.006,0.114,0.11,0.094,0.163,0.129,0.417,0.905,0.299
6/23/2013,0.051,0.005,0.088,0.114,0.091,0.184,0.164,0.306,0.85,0.277
6/30/2013,0.048,0.004,0.078,0.124,0.089,0.212,0.129,0.236,0.862,0.25
7/7/2013,0.029,0.003,0.065,0.134,0.086,0.219,0.163,0.222,0.938,0.232
7/14/2013,0.019,0.002,0.064,0.135,0.089,0.279,0.168,0.189,1,0.215
7/21/2013,0.022,0.003,0.051,0.139,0.087,0.306,0.199,0.171,0.765,0.214
7/28/2013,0.039,0.002,0.056,0.139,0.08,0.325,0.212,0.156,0.657,0.213
8/4/2013,0.036,0.004,0.063,0.126,0.079,0.37,0.235,0.142,0.608,0.221
8/11/2013,0.027,0.006,0.057,0.134,0.084,0.329,0.286,0.164,0.563,0.228
8/18/2013,0.031,0.004,0.06,0.172,0.089,0.339,0.237,0.142,0.587,0.241
8/25/2013,0.031,0.005,0.054,0.216,0.086,0.361,0.253,0.134,0.546,0.261
9/1/2013,0.031,0.007,0.053,0.305,0.084,0.406,0.204,0.132,0.47,0.242
9/8/2013,0.029,0.006,0.057,0.378,0.081,0.391,0.191,0.146,0.466,0.247
9/15/2013,0.022,0.007,0.057,0.483,0.084,0.393,0.186,0.153,0.397,0.247
9/22/2013,0.027,0.007,0.052,0.585,0.087,0.483,0.191,0.157,0.315,0.268
9/29/2013,0.027,0.008,0.047,0.606,0.083,0.541,0.186,0.193,0.245,0.291
10/6/2013,0.034,0.008,0.045,0.552,0.081,0.562,0.182,0.186,0.216,0.315
10/13/2013,0.039,0.014,0.051,0.537,0.078,0.53,0.168,0.174,0.173,0.36
10/20/2013,0.048,0.012,0.063,0.511,0.081,0.518,0.149,0.204,0.169,0.404
10/27/2013,0.041,0.014,0.056,0.41,0.08,0.482,0.144,0.195,0.156,0.449
11/3/2013,0.048,0.012,0.06,0.358,0.082,0.449,0.123,0.189,0.175,0.489
11/10/2013,0.043,0.009,0.061,0.288,0.086,0.367,0.11,0.184,0.166,0.468
11/17/2013,0.053,0.008,0.076,0.215,0.088,0.335,0.092,0.196,0.163,0.499
11/24/2013,0.043,0.009,0.059,0.16,0.089,0.267,0.078,0.149,0.156,0.489
12/1/2013,0.048,0.007,0.056,0.128,0.088,0.242,0.088,0.142,0.129,0.453
12/8/2013,0.039,0.005,0.051,0.09,0.093,0.205,0.094,0.134,0.139,0.44
12/15/2013,0.043,0.003,0.051,0.071,0.091,0.181,0.087,0.134,0.124,0.45
12/22/2013,0.039,0.003,0.053,0.055,0.087,0.151,0.108,0.126,0.1,0.471
12/29/2013,0.039,0.005,0.068,0.053,0.09,0.15,0.107,0.131,0.1,0.456
1/5/2014,0.043,0.008,0.076,0.049,0.101,0.147,0.087,0.137,0.138,0.438
1/12/2014,0.072,0.01,0.071,0.04,0.099,0.136,0.083,0.139,0.134,0.516
1/19/2014,0.082,0.025,0.072,0.039,0.104,0.147,0.085,0.126,0.121,0.526
1/26/2014,0.096,0.026,0.08,0.04,0.103,0.144,0.083,0.115,0.138,0.493
2/2/2014,0.176,0.039,0.092,0.036,0.101,0.133,0.075,0.121,0.161,0.522
2/9/2014,0.149,0.034,0.101,0.031,0.1,0.128,0.067,0.126,0.159,0.443
2/16/2014,0.13,0.039,0.115,0.03,0.099,0.124,0.073,0.127,0.156,0.379
2/23/2014,0.099,0.043,0.128,0.026,0.102,0.114,0.062,0.119,0.162,0.306
3/2/2014,0.084,0.042,0.127,0.021,0.095,0.109,0.065,0.142,0.155,0.269
3/9/2014,0.077,0.044,0.151,0.021,0.1,0.108,0.065,0.135,0.135,0.302
3/16/2014,0.063,0.035,0.185,0.021,0.096,0.103,0.066,0.127,0.116,0.286
3/23/2014,0.07,0.041,0.222,0.019,0.095,0.102,0.076,0.129,0.094,0.271
3/30/2014,0.084,0.047,0.263,0.027,0.097,0.103,0.059,0.128,0.074,0.276
4/6/2014,0.099,0.045,0.345,0.03,0.095,0.128,0.055,0.12,0.076,0.276
4/13/2014,0.067,0.03,0.425,0.021,0.097,0.089,0.052,0.109,0.075,0.238
4/20/2014,0.111,0.028,0.458,0.026,0.098,0.112,0.046,0.117,0.088,0.249
4/27/2014,0.084,0.025,0.439,0.022,0.092,0.11,0.046,0.118,0.084,0.265
5/4/2014,0.08,0.024,0.417,0.024,0.097,0.095,0.047,0.115,0.084,0.249
5/11/2014,0.058,0.026,0.34,0.024,0.096,0.114,0.056,0.108,0.102,0.251
5/18/2014,0.055,0.023,0.285,0.025,0.096,0.115,0.066,0.113,0.127,0.315
5/25/2014,0.051,0.015,0.208,0.026,0.089,0.118,0.06,0.119,0.131,0.371
6/1/2014,0.048,0.014,0.172,0.024,0.093,0.131,0.053,0.119,0.174,0.339
6/8/2014,0.036,0.011,0.146,0.027,0.094,0.142,0.063,0.128,0.205,0.297
6/15/2014,0.029,0.009,0.127,0.034,0.09,0.158,0.064,0.135,0.273,0.316
6/22/2014,0.029,0.008,0.112,0.042,0.084,0.169,0.058,0.135,0.271,0.32
6/29/2014,0.029,0.007,0.092,0.05,0.087,0.175,0.074,0.142,0.271,0.33
7/6/2014,0.019,0.006,0.081,0.058,0.082,0.194,0.091,0.155,0.261,0.343
7/13/2014,0.024,0,0.073,0.069,0.084,0.199,0.106,0.16,0.306,0.346
7/20/2014,0.019,0,0.063,0.083,0.08,0.2,0.101,0.246,0.296,0.381
7/27/2014,0.022,0,0.057,0.083,0.079,0.184,0.105,0.2,0.252,0.392
8/3/2014,0.029,0.001,0.066,0.095,0.091,0.167,0.118,0.205,0.232,0.421
8/10/2014,0.034,0.015,0.059,0.094,0.091,0.173,0.112,0.189,0.232,0.478
8/17/2014,0.048,0.012,0.055,0.119,0.089,0.181,0.102,0.18,0.24,0.528
8/24/2014,0.034,0.009,0.057,0.114,0.088,0.204,0.104,0.146,0.209,0.539
8/31/2014,0.029,0.011,0.055,0.12,0.088,0.211,0.099,0.121,0.221,0.547
9/7/2014,0.024,0.009,0.053,0.158,0.09,0.223,0.1,0.113,0.214,0.597
9/14/2014,0.022,0.01,0.057,0.173,0.088,0.236,0.084,0.11,0.182,0.664
9/21/2014,0.029,0.008,0.054,0.175,0.09,0.277,0.076,0.104,0.164,0.777
9/28/2014,0.027,0.011,0.057,0.176,0.087,0.362,0.076,0.099,0.141,0.845
10/5/2014,0.031,0.009,0.054,0.222,0.085,0.444,0.075,0.102,0.127,0.98
10/12/2014,0.036,0.017,0.061,0.27,0.088,0.473,0.086,0.099,0.132,0.952
10/19/2014,0.039,0.017,0.064,0.257,0.086,0.468,0.096,0.101,0.124,0.875
10/26/2014,0.039,0.019,0.061,0.325,0.092,0.451,0.081,0.1,0.131,0.798
11/2/2014,0.029,0.014,0.071,0.396,0.087,0.451,0.097,0.09,0.146,0.674
11/9/2014,0.031,0.011,0.064,0.35,0.088,0.397,0.083,0.087,0.15,0.588
11/16/2014,0.034,0.018,0.06,0.284,0.093,0.325,0.087,0.087,0.153,0.51
11/23/2014,0.034,0.009,0.051,0.198,0.093,0.252,0.097,0.116,0.149,0.491
11/30/2014,0.022,0.005,0.052,0.143,0.093,0.192,0.085,0.124,0.132,0.416
12/7/2014,0.024,0.001,0.054,0.106,0.094,0.167,0.091,0.121,0.135,0.284
12/14/2014,0.031,0,0.055,0.074,0.093,0.135,0.084,0.12,0.123,0.185
12/21/2014,0.027,0,0.058,0.058,0.088,0.122,0.084,0.118,0.108,0.181
12/28/2014,0.029,0,0.077,0.048,0.088,0.115,0.092,0.122,0.087,0.179
1/4/2015,0.034,0,0.089,0.055,0.102,0.108,0.097,0.122,0.111,0.177
1/11/2015,0.034,0,0.096,0.049,0.112,0.099,0.089,0.124,0.107,0.189
1/18/2015,0.036,0.003,0.107,0.049,0.128,0.104,0.085,0.123,0.11,0.197
1/25/2015,0.043,0.004,0.146,0.052,0.155,0.099,0.068,0.116,0.13,0.186
2/1/2015,0.039,0.008,0.195,0.058,0.177,0.093,0.08,0.112,0.117,0.189
2/8/2015,0.043,0.009,0.252,0.05,0.157,0.09,0.073,0.11,0.123,0.166
2/15/2015,0.043,0.01,0.294,0.041,0.133,0.102,0.066,0.099,0.127,0.163
2/22/2015,0.034,0.019,0.38,0.038,0.133,0.1,0.059,0.102,0.125,0.162
3/1/2015,0.055,0.022,0.503,0.027,0.119,0.112,0.057,0.101,0.107,0.174
3/8/2015,0.092,0.019,0.612,0.026,0.123,0.109,0.054,0.097,0.115,0.176
3/15/2015,0.135,0.025,0.694,0.023,0.116,0.109,0.048,0.091,0.107,0.163
3/22/2015,0.186,0.023,0.783,0.019,0.11,0.12,0.049,0.088,0.09,0.162
3/29/2015,0.193,0.02,0.753,0.015,0.106,0.119,0.053,0.089,0.086,0.139
4/5/2015,0.183,0.026,0.737,0.018,0.108,0.139,0.054,0.1,0.088,0.158
4/12/2015,0.166,0.032,0.895,0.02,0.11,0.14,0.049,0.095,0.087,0.147
4/19/2015,0.116,0.026,0.801,0.022,0.104,0.14,0.045,0.096,0.112,0.158
4/26/2015,0.101,0.031,0.714,0.019,0.106,0.133,0.048,0.097,0.11,0.143
5/3/2015,0.07,0.022,0.7,0.02,0.103,0.127,0.046,0.099,0.119,0.155
5/10/2015,0.08,0.02,0.537,0.02,0.102,0.134,0.047,0.121,0.137,0.152
5/17/2015,0.07,0.02,0.456,0.022,0.104,0.138,0.051,0.121,0.178,0.149
5/24/2015,0.048,0.015,0.383,0.023,0.101,0.132,0.049,0.13,0.213,0.157
5/31/2015,0.051,0.012,0.275,0.028,0.098,0.138,0.052,0.128,0.234,0.15
6/7/2015,0.039,0.013,0.265,0.038,0.097,0.147,0.053,0.124,0.271,0.144
6/14/2015,0.041,0.01,0.211,0.058,0.092,0.17,0.05,0.139,0.31,0.153
6/21/2015,0.036,0.007,0.155,0.072,0.09,0.19,0.061,0.119,0.342,0.154
6/28/2015,0.029,0.007,0.124,0.084,0.087,0.2,0.07,0.115,0.399,0.162
7/5/2015,0.022,0.004,0.101,0.096,0.085,0.22,0.083,0.113,0.357,0.171
7/12/2015,0.017,0.001,0.104,0.105,0.077,0.229,0.092,0.107,0.384,0.166
7/19/2015,0.014,0.001,0.09,0.135,0.077,0.249,0.11,0.119,0.411,0.175
7/26/2015,0.022,0.005,0.088,0.144,0.084,0.273,0.125,0.111,0.334,0.174
8/2/2015,0.024,0.005,0.085,0.166,0.078,0.283,0.137,0.105,0.408,0.179
8/9/2015,0.022,0.008,0.08,0.19,0.077,0.281,0.143,0.106,0.415,0.177
